{
  "project_info": {
    "project_number": "107165958561",
    "project_id": "loginapp-9c706",
    "storage_bucket": "loginapp-9c706.appspot.com"
  },
  "client": [
    {
      "client_info": {
        "mobilesdk_app_id": "1:107165958561:android:4f0a62f49705d38135cbe0",
        "android_client_info": {
          "package_name": "com.anurag.loginapp"
        }
      },
      "oauth_client": [
        {
          "client_id": "107165958561-r2riiie134qgq83nj34lvd3hgonba7l5.apps.googleusercontent.com",
          "client_type": 3
        }
      ],
      "api_key": [
        {
          "current_key": "AIzaSyC08ccvqpqg4fjPmfiZBxMj9wAyBHrKhI0"
        }
      ],
      "services": {
        "appinvite_service": {
          "other_platform_oauth_client": [
            {
              "client_id": "107165958561-r2riiie134qgq83nj34lvd3hgonba7l5.apps.googleusercontent.com",
              "client_type": 3
            }
          ]
        }
      }
    }
  ],
  "configuration_version": "1"
}